{
	"info": {
		"_postman_id": "ae7cb31c-e328-4492-94d4-ee8c18112f47",
		"name": "Lawyer-Client App API",
		"schema": "https://schema.getpostman.com/json/collection/v2.1.0/collection.json",
		"_exporter_id": "22277055"
	},
	"item": [
		{
			"name": "User",
			"item": [
				{
					"name": "Signup",
					"request": {
						"method": "POST",
						"header": [
							{
								"key": "Content-Type",
								"value": "multipart/form-data"
							}
						],
						"body": {
							"mode": "formdata",
							"formdata": [
								{
									"key": "username",
									"value": "",
									"type": "text"
								},
								{
									"key": "email",
									"value": "",
									"type": "text"
								},
								{
									"key": "password",
									"value": "",
									"type": "text"
								},
								{
									"key": "type",
									"value": "",
									"type": "text"
								},
								{
									"key": "profilePic",
									"value": "",
									"type": "file"
								},
								{
									"key": "degreePic",
									"value": "",
									"type": "file"
								}
							]
						},
						"url": {
							"raw": "{{base_url}}/api/v1/users/signup",
							"host": [
								"{{base_url}}"
							],
							"path": [
								"api",
								"v1",
								"users",
								"signup"
							]
						}
					},
					"response": []
				},
				{
					"name": "Login",
					"request": {
						"method": "POST",
						"header": [
							{
								"key": "Content-Type",
								"value": "application/json"
							}
						],
						"body": {
							"mode": "raw",
							"raw": "{\"email\": \"client@gmail.com\", \"password\": \"12345678\"}"
						},
						"url": {
							"raw": "{{base_url}}/api/v1/users/login",
							"host": [
								"{{base_url}}"
							],
							"path": [
								"api",
								"v1",
								"users",
								"login"
							]
						}
					},
					"response": []
				},
				{
					"name": "Forget Password",
					"request": {
						"method": "POST",
						"header": [
							{
								"key": "Content-Type",
								"value": "application/json"
							}
						],
						"body": {
							"mode": "raw",
							"raw": "{\"email\": \"arsalanbashir831@gmail.com\"}"
						},
						"url": {
							"raw": "{{base_url}}/api/v1/users/forgetPassword",
							"host": [
								"{{base_url}}"
							],
							"path": [
								"api",
								"v1",
								"users",
								"forgetPassword"
							]
						}
					},
					"response": []
				},
				{
					"name": "Reset Password",
					"request": {
						"method": "POST",
						"header": [
							{
								"key": "Content-Type",
								"value": "application/json"
							}
						],
						"body": {
							"mode": "raw",
							"raw": "{\"email\": \"arsalanbashir831@gmail.com\",\"otp\":\"337641\", \"newPassword\": \"12345678\"}"
						},
						"url": {
							"raw": "{{base_url}}/api/v1/users/resetPassword",
							"host": [
								"{{base_url}}"
							],
							"path": [
								"api",
								"v1",
								"users",
								"resetPassword"
							]
						}
					},
					"response": []
				},
				{
					"name": "LegalGPT",
					"request": {
						"method": "POST",
						"header": [
							{
								"key": "Content-Type",
								"value": "application/json"
							},
							{
								"key": "Authorization",
								"value": "Bearer {{token}}"
							}
						],
						"body": {
							"mode": "raw",
							"raw": "{\"textPrompt\": \"\"}"
						},
						"url": {
							"raw": "{{base_url}}/api/v1/users/legalGPT",
							"host": [
								"{{base_url}}"
							],
							"path": [
								"api",
								"v1",
								"users",
								"legalGPT"
							]
						}
					},
					"response": []
				}
			]
		},
		{
			"name": "Posts",
			"item": [
				{
					"name": "Create Post",
					"request": {
						"method": "POST",
						"header": [
							{
								"key": "Content-Type",
								"value": "application/json"
							},
							{
								"key": "Authorization",
								"value": "Bearer {{token}}"
							}
						],
						"body": {
							"mode": "raw",
							"raw": "{\"post_title\": \"\", \"post_description\": \"\", \"lawType\": \"\"}"
						},
						"url": {
							"raw": "{{base_url}}/api/v1/lawyer/posts",
							"host": [
								"{{base_url}}"
							],
							"path": [
								"api",
								"v1",
								"lawyer",
								"posts"
							]
						}
					},
					"response": []
				},
				{
					"name": "Get All Posts",
					"request": {
						"method": "GET",
						"header": [
							{
								"key": "Authorization",
								"value": "Bearer eyJhbGciOiJIUzI1NiIsInR5cCI6IkpXVCJ9.eyJfaWQiOiI2NmJlMDY0NzBkOGIzZDIxMGIwZjA2ZDEiLCJ0eXBlIjoiY2xpZW50IiwiaWF0IjoxNzI0NTMyODExfQ.Hn8QVayim9DF9G77hBAiWFVynbtqblkiur2TpSbsSbo"
							}
						],
						"url": {
							"raw": "{{base_url}}/api/v1/lawyer/posts",
							"host": [
								"{{base_url}}"
							],
							"path": [
								"api",
								"v1",
								"lawyer",
								"posts"
							]
						}
					},
					"response": []
				},
				{
					"name": "Get Post by ID",
					"request": {
						"method": "GET",
						"header": [
							{
								"key": "Authorization",
								"value": "Bearer {{token}}"
							}
						],
						"url": {
							"raw": "{{base_url}}/api/v1/lawyer/posts/:id",
							"host": [
								"{{base_url}}"
							],
							"path": [
								"api",
								"v1",
								"lawyer",
								"posts",
								":id"
							],
							"variable": [
								{
									"key": "id",
									"value": ""
								}
							]
						}
					},
					"response": []
				},
				{
					"name": "Update Post by ID",
					"request": {
						"method": "PUT",
						"header": [
							{
								"key": "Content-Type",
								"value": "application/json"
							},
							{
								"key": "Authorization",
								"value": "Bearer {{token}}"
							}
						],
						"body": {
							"mode": "raw",
							"raw": "{\"post_title\": \"\", \"post_description\": \"\"}"
						},
						"url": {
							"raw": "{{base_url}}/api/v1/lawyer/posts/:id",
							"host": [
								"{{base_url}}"
							],
							"path": [
								"api",
								"v1",
								"lawyer",
								"posts",
								":id"
							],
							"variable": [
								{
									"key": "id",
									"value": ""
								}
							]
						}
					},
					"response": []
				},
				{
					"name": "Delete Post by ID",
					"request": {
						"method": "DELETE",
						"header": [
							{
								"key": "Authorization",
								"value": "Bearer {{token}}"
							}
						],
						"url": {
							"raw": "{{base_url}}/api/v1/lawyer/posts/:id",
							"host": [
								"{{base_url}}"
							],
							"path": [
								"api",
								"v1",
								"lawyer",
								"posts",
								":id"
							],
							"variable": [
								{
									"key": "id",
									"value": ""
								}
							]
						}
					},
					"response": []
				},
				{
					"name": "Search Post",
					"request": {
						"method": "POST",
						"header": [
							{
								"key": "Authorization",
								"value": "Bearer {{token}}",
								"type": "text"
							}
						],
						"body": {
							"mode": "raw",
							"raw": "{\r\n    // \"prompt\":\"I want lawyer with the cooperate skill\",\r\n    \"lawType\":[\"legal\"]\r\n}",
							"options": {
								"raw": {
									"language": "json"
								}
							}
						},
						"url": {
							"raw": "{{base_url}}/api/v1/lawyer/aiSearchPost",
							"host": [
								"{{base_url}}"
							],
							"path": [
								"api",
								"v1",
								"lawyer",
								"aiSearchPost"
							]
						}
					},
					"response": []
				}
			]
		},
		{
			"name": "Ratings",
			"item": [
				{
					"name": "Add Rating",
					"request": {
						"method": "POST",
						"header": [
							{
								"key": "Content-Type",
								"value": "application/json"
							},
							{
								"key": "Authorization",
								"value": "Bearer {{token}}"
							}
						],
						"body": {
							"mode": "raw",
							"raw": "{\"lawyerId\": \"\", \"rating\": \"\"}"
						},
						"url": {
							"raw": "{{base_url}}/api/v1/ratings/post",
							"host": [
								"{{base_url}}"
							],
							"path": [
								"api",
								"v1",
								"ratings",
								"post"
							]
						}
					},
					"response": []
				}
			]
		},
		{
			"name": "Bookings",
			"item": [
				{
					"name": "Add Booking",
					"request": {
						"method": "POST",
						"header": [
							{
								"key": "Content-Type",
								"value": "application/json"
							},
							{
								"key": "Authorization",
								"value": "Bearer {{token}}"
							}
						],
						"body": {
							"mode": "raw",
							"raw": "{\"lawyerId\": \"\", \"contractPrice\": \"\", \"dateOfAppointment\": \"\"}"
						},
						"url": {
							"raw": "{{base_url}}/api/v1/bookings/addBookings",
							"host": [
								"{{base_url}}"
							],
							"path": [
								"api",
								"v1",
								"bookings",
								"addBookings"
							]
						}
					},
					"response": []
				},
				{
					"name": "Get Client Bookings",
					"request": {
						"method": "GET",
						"header": [
							{
								"key": "Authorization",
								"value": "Bearer {{token}}"
							}
						],
						"url": {
							"raw": "{{base_url}}/api/v1/bookings/getClientBookings",
							"host": [
								"{{base_url}}"
							],
							"path": [
								"api",
								"v1",
								"bookings",
								"getClientBookings"
							]
						}
					},
					"response": []
				},
				{
					"name": "Get Lawyer Bookings",
					"request": {
						"method": "GET",
						"header": [
							{
								"key": "Authorization",
								"value": "Bearer {{token}}"
							}
						],
						"url": {
							"raw": "{{base_url}}/api/v1/bookings/getLawyerBookings",
							"host": [
								"{{base_url}}"
							],
							"path": [
								"api",
								"v1",
								"bookings",
								"getLawyerBookings"
							]
						}
					},
					"response": []
				}
			]
		},
		{
			"name": "Chats",
			"item": [
				{
					"name": "Get Chats",
					"request": {
						"method": "GET",
						"header": []
					},
					"response": []
				}
			]
		}
	],
	"variable": [
		{
			"key": "base_url",
			"value": "http://localhost:8000"
		},
		{
			"key": "token",
			"value": "eyJhbGciOiJIUzI1NiIsInR5cCI6IkpXVCJ9.eyJfaWQiOiI2NmJlMDZiZDBkOGIzZDIxMGIwZjA2ZDYiLCJ0eXBlIjoibGF3eWVyIiwiaWF0IjoxNzI0NTI5Mzk4fQ.Kbj0zGesYWr4gkVtF3FjAEd_teJUOH6yjvj0x7DIL30"
		}
	]
}